-- テストデータ挿入用SQL

-- UUIDを使用してテストデータを作成
-- クリニック（テナント）の作成
INSERT INTO clinics (id, name, name_kana, phone, email, created_at, updated_at) VALUES
('11111111-1111-1111-1111-111111111111', 'デモ歯科クリニック', 'デモシカクリニック', '03-1234-5678', 'demo@clinic.jp', NOW(), NOW());

-- スタッフ役職マスタ
INSERT INTO staff_positions (id, clinic_id, name, sort_order) VALUES
('22222222-1111-1111-1111-111111111111', '11111111-1111-1111-1111-111111111111', '院長', 1),
('22222222-2222-2222-2222-222222222222', '11111111-1111-1111-1111-111111111111', '歯科医師', 2),
('22222222-3333-3333-3333-333333333333', '11111111-1111-1111-1111-111111111111', '歯科衛生士', 3),
('22222222-4444-4444-4444-444444444444', '11111111-1111-1111-1111-111111111111', 'アシスタント', 4);

-- スタッフ
INSERT INTO staff (id, clinic_id, position_id, name, name_kana, email, phone, employee_number, role) VALUES
('33333333-1111-1111-1111-111111111111', '11111111-1111-1111-1111-111111111111', '22222222-1111-1111-1111-111111111111', '田中太郎', 'タナカタロウ', 'tanaka@clinic.jp', '090-1234-5678', 'EMP001', 'admin'),
('33333333-2222-2222-2222-222222222222', '11111111-1111-1111-1111-111111111111', '22222222-2222-2222-2222-222222222222', '佐藤花子', 'サトウハナコ', 'sato@clinic.jp', '090-2345-6789', 'EMP002', 'clinic'),
('33333333-3333-3333-3333-333333333333', '11111111-1111-1111-1111-111111111111', '22222222-3333-3333-3333-333333333333', '山田次郎', 'ヤマダジロウ', 'yamada@clinic.jp', '090-3456-7890', 'EMP003', 'staff');

-- ユニット（診療台）
INSERT INTO units (id, clinic_id, name, sort_order) VALUES
('44444444-1111-1111-1111-111111111111', '11111111-1111-1111-1111-111111111111', 'チェア1', 1),
('44444444-2222-2222-2222-222222222222', '11111111-1111-1111-1111-111111111111', 'チェア2', 2),
('44444444-3333-3333-3333-333333333333', '11111111-1111-1111-1111-111111111111', 'チェア3', 3);

-- 診療メニュー（3階層）
-- レベル1（大分類）
INSERT INTO treatment_menus (id, clinic_id, level, name, sort_order) VALUES
('55555555-1111-1111-1111-111111111111', '11111111-1111-1111-1111-111111111111', 1, '一般歯科', 1),
('55555555-2222-2222-2222-222222222222', '11111111-1111-1111-1111-111111111111', 1, '予防歯科', 2),
('55555555-3333-3333-3333-333333333333', '11111111-1111-1111-1111-111111111111', 1, '矯正歯科', 3);

-- レベル2（中分類）
INSERT INTO treatment_menus (id, clinic_id, parent_id, level, name, sort_order) VALUES
('66666666-1111-1111-1111-111111111111', '11111111-1111-1111-1111-111111111111', '55555555-1111-1111-1111-111111111111', 2, 'う蝕治療', 1),
('66666666-2222-2222-2222-222222222222', '11111111-1111-1111-1111-111111111111', '55555555-1111-1111-1111-111111111111', 2, '歯周病治療', 2),
('66666666-3333-3333-3333-333333333333', '11111111-1111-1111-1111-111111111111', '55555555-2222-2222-2222-222222222222', 2, '定期検診', 1),
('66666666-4444-4444-4444-444444444444', '11111111-1111-1111-1111-111111111111', '55555555-2222-2222-2222-222222222222', 2, 'クリーニング', 2);

-- レベル3（小分類）
INSERT INTO treatment_menus (id, clinic_id, parent_id, level, name, standard_duration, color, sort_order) VALUES
('77777777-1111-1111-1111-111111111111', '11111111-1111-1111-1111-111111111111', '66666666-1111-1111-1111-111111111111', 3, '小さなう蝕の治療', 30, '#3B82F6', 1),
('77777777-2222-2222-2222-222222222222', '11111111-1111-1111-1111-111111111111', '66666666-1111-1111-1111-111111111111', 3, '大きなう蝕の治療', 60, '#EF4444', 2),
('77777777-3333-3333-3333-333333333333', '11111111-1111-1111-1111-111111111111', '66666666-3333-3333-3333-333333333333', 3, '定期検診', 30, '#10B981', 1),
('77777777-4444-4444-4444-444444444444', '11111111-1111-1111-1111-111111111111', '66666666-4444-4444-4444-444444444444', 3, 'PMTC', 45, '#8B5CF6', 1);

-- 患者特記事項マスタ
INSERT INTO patient_note_types (id, clinic_id, name, icon, color, sort_order) VALUES
('88888888-1111-1111-1111-111111111111', '11111111-1111-1111-1111-111111111111', 'アレルギー', '⚠️', '#EF4444', 1),
('88888888-2222-2222-2222-222222222222', '11111111-1111-1111-1111-111111111111', '要注意', '⚡', '#F59E0B', 2),
('88888888-3333-3333-3333-333333333333', '11111111-1111-1111-1111-111111111111', 'VIP', '⭐', '#8B5CF6', 3);

-- 患者データ
INSERT INTO patients (id, clinic_id, patient_number, last_name, first_name, last_name_kana, first_name_kana, birth_date, gender, phone, email, postal_code, prefecture, city, address_line, is_registered, created_at, updated_at) VALUES
('99999999-1111-1111-1111-111111111111', '11111111-1111-1111-1111-111111111111', 1, '田中', '太郎', 'タナカ', 'タロウ', '1985-05-15', 'male', '090-1111-1111', 'tanaka.taro@example.com', '123-4567', '東京都', '新宿区', '西新宿1-1-1', true, NOW(), NOW()),
('99999999-2222-2222-2222-222222222222', '11111111-1111-1111-1111-111111111111', 2, '佐藤', '花子', 'サトウ', 'ハナコ', '1990-08-22', 'female', '090-2222-2222', 'sato.hanako@example.com', '456-7890', '東京都', '渋谷区', '渋谷1-2-3', true, NOW(), NOW()),
('99999999-3333-3333-3333-333333333333', '11111111-1111-1111-1111-111111111111', 3, '山田', '次郎', 'ヤマダ', 'ジロウ', '1978-12-03', 'male', '090-3333-3333', 'yamada.jiro@example.com', '789-0123', '東京都', '品川区', '大崎2-3-4', true, NOW(), NOW()),
('99999999-4444-4444-4444-444444444444', '11111111-1111-1111-1111-111111111111', 4, '鈴木', '美咲', 'スズキ', 'ミサキ', '1995-03-10', 'female', '090-4444-4444', 'suzuki.misaki@example.com', '321-6543', '東京都', '港区', '六本木3-4-5', true, NOW(), NOW());

-- 予約データ（今日の日付）
INSERT INTO appointments (id, clinic_id, patient_id, appointment_date, start_time, end_time, unit_id, menu1_id, staff1_id, status, memo, created_by, created_at, updated_at) VALUES
('aaaaaaaa-1111-1111-1111-111111111111', '11111111-1111-1111-1111-111111111111', '99999999-1111-1111-1111-111111111111', CURRENT_DATE, '09:00:00', '09:30:00', '44444444-1111-1111-1111-111111111111', '77777777-1111-1111-1111-111111111111', '33333333-2222-2222-2222-222222222222', '未来院', '初診', '33333333-1111-1111-1111-111111111111', NOW(), NOW()),
('aaaaaaaa-2222-2222-2222-222222222222', '11111111-1111-1111-1111-111111111111', '99999999-2222-2222-2222-222222222222', CURRENT_DATE, '10:00:00', '10:30:00', '44444444-2222-2222-2222-222222222222', '77777777-3333-3333-3333-333333333333', '33333333-3333-3333-3333-333333333333', '来院済み', '定期検診', '33333333-1111-1111-1111-111111111111', NOW(), NOW()),
('aaaaaaaa-3333-3333-3333-333333333333', '11111111-1111-1111-1111-111111111111', '99999999-3333-3333-3333-333333333333', CURRENT_DATE, '14:00:00', '14:45:00', '44444444-1111-1111-1111-111111111111', '77777777-4444-4444-4444-444444444444', '33333333-2222-2222-2222-222222222222', '診療中', 'クリーニング', '33333333-1111-1111-1111-111111111111', NOW(), NOW()),
('aaaaaaaa-4444-4444-4444-444444444444', '11111111-1111-1111-1111-111111111111', '99999999-4444-4444-4444-444444444444', CURRENT_DATE, '15:00:00', '16:00:00', '44444444-3333-3333-3333-333333333333', '77777777-2222-2222-2222-222222222222', '33333333-2222-2222-2222-222222222222', '終了', '大きなう蝕治療', '33333333-1111-1111-1111-111111111111', NOW(), NOW());

-- 明日の予約
INSERT INTO appointments (id, clinic_id, patient_id, appointment_date, start_time, end_time, unit_id, menu1_id, staff1_id, status, memo, created_by, created_at, updated_at) VALUES
('bbbbbbbb-1111-1111-1111-111111111111', '11111111-1111-1111-1111-111111111111', '99999999-1111-1111-1111-111111111111', CURRENT_DATE + INTERVAL '1 day', '11:00:00', '11:30:00', '44444444-1111-1111-1111-111111111111', '77777777-3333-3333-3333-333333333333', '33333333-2222-2222-2222-222222222222', '未来院', 'フォローアップ', '33333333-1111-1111-1111-111111111111', NOW(), NOW()),
('bbbbbbbb-2222-2222-2222-222222222222', '11111111-1111-1111-1111-111111111111', '99999999-2222-2222-2222-222222222222', CURRENT_DATE + INTERVAL '1 day', '13:30:00', '14:00:00', '44444444-2222-2222-2222-222222222222', '77777777-1111-1111-1111-111111111111', '33333333-3333-3333-3333-333333333333', '未来院', 'う蝕治療', '33333333-1111-1111-1111-111111111111', NOW(), NOW());